time_s,ref_deg,fdb_deg,error_deg,speed_ref_rpm,speed_rpm,effort,raw_speed_rpm,current,motor_online,axis_enabled
0.0078,0.09,0.67,-0.58,0.0,0.0,-0.262,,,,
0.0279,0.09,0.67,-0.58,0.0,0.0,-0.262,0.0,-334,True,True
0.048,0.09,0.71,-0.62,0.0,0.0,-0.282,0.0,-334,True,True
0.068,0.09,0.71,-0.62,0.0,0.0,-0.282,0.0,-334,True,True
0.0879,0.09,0.71,-0.62,0.0,0.0,-0.282,0.0,-308,True,True
0.1079,0.09,0.71,-0.62,0.0,0.0,-0.282,0.0,-334,True,True
0.1279,0.09,0.71,-0.62,0.0,0.0,-0.282,0.0,-327,True,True
0.1479,0.09,0.71,-0.62,0.0,0.0,-0.282,0.0,-308,True,True
0.1679,0.09,0.71,-0.62,0.0,0.0,-0.282,0.0,-352,True,True
0.1879,0.09,0.71,-0.62,0.0,0.0,-0.282,0.0,-334,True,True
0.208,0.09,0.71,-0.62,0.0,0.0,-0.282,0.0,-370,True,True
0.2278,0.09,0.71,-0.62,0.0,0.0,-0.282,0.0,-327,True,True
0.2479,0.09,0.71,-0.62,0.0,0.0,-0.282,0.0,-334,True,True
0.2679,0.09,0.71,-0.62,0.0,0.0,-0.282,0.0,-327,True,True
0.2879,0.09,0.71,-0.62,0.0,0.0,-0.282,0.0,-327,True,True
0.308,0.09,0.71,-0.62,0.0,0.0,-0.282,0.0,-352,True,True
0.3279,0.09,0.71,-0.62,0.0,0.0,-0.282,0.0,-352,True,True
0.3479,0.09,0.71,-0.62,0.0,0.0,-0.282,0.0,-334,True,True
0.3678,0.09,0.71,-0.62,0.0,0.0,-0.282,0.0,-327,True,True
0.3878,0.09,0.71,-0.62,0.0,0.0,-0.282,0.0,-352,True,True
0.408,0.09,0.71,-0.62,0.0,0.0,-0.282,0.0,-345,True,True
0.4278,0.09,0.71,-0.62,0.0,0.0,-0.282,0.0,-359,True,True
0.4479,0.09,0.71,-0.62,0.0,0.0,-0.282,0.0,-327,True,True
0.4678,0.09,0.71,-0.62,0.0,0.0,-0.282,0.0,-334,True,True
0.4879,0.09,0.71,-0.62,0.0,0.0,-0.282,0.0,-334,True,True
0.5079,0.09,0.71,-0.62,0.0,0.0,-0.282,0.0,-345,True,True
0.5279,0.09,0.71,-0.62,0.0,0.0,-0.282,0.0,-334,True,True
0.5479,0.09,0.71,-0.62,0.0,0.0,-0.282,0.0,-327,True,True
0.5678,0.09,0.71,-0.62,0.0,0.0,-0.282,0.0,-359,True,True
0.5879,0.09,0.71,-0.62,0.0,0.0,-0.282,0.0,-352,True,True
0.6079,0.09,0.71,-0.62,0.0,0.0,-0.282,0.0,-334,True,True
0.6279,0.09,0.71,-0.62,0.0,0.0,-0.282,0.0,-352,True,True
0.6479,0.09,0.71,-0.62,0.0,0.0,-0.282,0.0,-352,True,True
0.6679,0.09,0.71,-0.62,0.0,0.0,-0.282,0.0,-352,True,True
0.6879,0.09,0.71,-0.62,0.0,0.0,-0.282,0.0,-352,True,True
0.7079,0.09,0.71,-0.62,0.0,0.0,-0.282,0.0,-340,True,True
0.7278,0.09,0.71,-0.62,0.0,0.0,-0.282,0.0,-334,True,True
0.7479,0.09,0.71,-0.62,0.0,0.0,-0.282,0.0,-334,True,True
0.7679,0.09,0.71,-0.62,0.0,0.0,-0.282,0.0,-308,True,True
0.7879,0.09,0.71,-0.62,0.0,0.0,-0.282,0.0,-327,True,True
0.8078,0.09,0.71,-0.62,0.0,0.0,-0.282,0.0,-327,True,True
0.8279,0.09,0.71,-0.62,0.0,0.0,-0.282,0.0,-338,True,True
0.8479,0.09,0.71,-0.62,0.0,0.0,-0.282,0.0,-320,True,True
0.8679,0.09,0.71,-0.62,0.0,0.0,-0.282,0.0,-327,True,True
0.8879,0.09,0.71,-0.62,0.0,0.0,-0.282,0.0,-345,True,True
0.9079,0.09,0.71,-0.62,0.0,0.0,-0.282,0.0,-345,True,True
0.9279,0.09,0.71,-0.62,0.0,0.0,-0.282,0.0,-327,True,True
0.9479,0.09,0.71,-0.62,0.0,0.0,-0.282,0.0,-334,True,True
0.9679,0.09,0.71,-0.62,0.0,0.0,-0.282,0.0,-334,True,True
0.9879,0.09,0.71,-0.62,0.0,0.0,-0.282,0.0,-327,True,True
1.0079,0.09,0.71,-0.62,0.0,0.0,-0.282,0.0,-345,True,True
1.0279,0.59,0.71,-0.12,0.0,0.0,-0.057,0.0,-177,True,True
1.0479,0.59,0.76,-0.17,0.0,0.0,-0.077,0.0,-177,True,True
1.068,0.59,0.76,-0.17,0.0,0.0,-0.077,0.0,-177,True,True
1.0879,0.59,0.76,-0.17,0.0,0.0,-0.077,0.0,-177,True,True
1.1079,0.59,0.76,-0.17,0.0,0.0,-0.077,0.0,-177,True,True
1.1279,0.59,0.76,-0.17,0.0,0.0,-0.077,0.0,-177,True,True
1.148,0.59,0.76,-0.17,0.0,0.0,-0.077,0.0,-159,True,True
1.1679,0.59,0.76,-0.17,0.0,0.0,-0.077,0.0,-177,True,True
1.1879,0.59,0.76,-0.17,0.0,0.0,-0.077,0.0,-177,True,True
1.2078,0.59,0.76,-0.17,0.0,0.0,-0.077,0.0,-183,True,True
1.2278,0.59,0.76,-0.17,0.0,0.0,-0.077,0.0,-195,True,True
1.2479,0.59,0.76,-0.17,0.0,0.0,-0.077,0.0,-177,True,True
1.2678,0.59,0.76,-0.17,0.0,0.0,-0.077,0.0,-177,True,True
1.2879,0.59,0.76,-0.17,0.0,0.0,-0.077,0.0,-195,True,True
1.3078,0.59,0.76,-0.17,0.0,0.0,-0.077,0.0,-177,True,True
1.3279,0.59,0.76,-0.17,0.0,0.0,-0.077,0.0,-195,True,True
1.348,0.59,0.76,-0.17,0.0,0.0,-0.077,0.0,-195,True,True
1.3679,0.59,0.76,-0.17,0.0,0.0,-0.077,0.0,-176,True,True
1.388,0.59,0.76,-0.17,0.0,0.0,-0.077,0.0,-177,True,True
1.4079,0.59,0.76,-0.17,0.0,0.0,-0.077,0.0,-195,True,True
1.4279,0.59,0.76,-0.17,0.0,0.0,-0.077,0.0,-183,True,True
1.4479,0.59,0.76,-0.17,0.0,0.0,-0.077,0.0,-176,True,True
1.4679,0.59,0.76,-0.17,0.0,0.0,-0.077,0.0,-176,True,True
1.4879,0.59,0.76,-0.17,0.0,0.0,-0.077,0.0,-195,True,True
1.508,0.59,0.76,-0.17,0.0,0.0,-0.077,0.0,-177,True,True
1.5279,0.59,0.76,-0.17,0.0,0.0,-0.077,0.0,-176,True,True
1.5479,0.59,0.76,-0.17,0.0,0.0,-0.077,0.0,-212,True,True
1.5679,0.59,0.76,-0.17,0.0,0.0,-0.077,0.0,-170,True,True
1.5879,0.59,0.76,-0.17,0.0,0.0,-0.077,0.0,-195,True,True
1.6079,0.59,0.76,-0.17,0.0,0.0,-0.077,0.0,-195,True,True
1.6278,0.59,0.76,-0.17,0.0,0.0,-0.077,0.0,-159,True,True
1.6479,0.59,0.76,-0.17,0.0,0.0,-0.077,0.0,-159,True,True
1.6679,0.59,0.76,-0.17,0.0,0.0,-0.077,0.0,-177,True,True
1.6879,0.59,0.76,-0.17,0.0,0.0,-0.077,0.0,-176,True,True
1.7079,0.59,0.76,-0.17,0.0,0.0,-0.077,0.0,-176,True,True
1.7278,0.59,0.76,-0.17,0.0,0.0,-0.077,0.0,-159,True,True
1.7479,0.59,0.76,-0.17,0.0,0.0,-0.077,0.0,-195,True,True
1.7679,0.59,0.76,-0.17,0.0,0.0,-0.077,0.0,-177,True,True
1.7879,0.59,0.76,-0.17,0.0,0.0,-0.077,0.0,-183,True,True
1.8079,0.59,0.76,-0.17,0.0,0.0,-0.077,0.0,-195,True,True
1.828,0.59,0.8,-0.21,0.0,0.0,-0.096,0.0,-159,True,True
1.8479,0.59,0.76,-0.17,0.0,0.0,-0.077,0.0,-159,True,True
1.8679,0.59,0.76,-0.17,0.0,0.0,-0.077,0.0,-177,True,True
1.8879,0.59,0.76,-0.17,0.0,0.0,-0.077,0.0,-152,True,True
1.908,0.59,0.76,-0.17,0.0,0.0,-0.077,0.0,-159,True,True
1.9279,0.59,0.76,-0.17,0.0,0.0,-0.077,0.0,-152,True,True
1.9479,0.59,0.76,-0.17,0.0,0.0,-0.077,0.0,-176,True,True
1.9679,0.59,0.76,-0.17,0.0,0.0,-0.077,0.0,-159,True,True
1.9879,0.59,0.76,-0.17,0.0,0.0,-0.077,0.0,-219,True,True
2.0079,0.59,0.76,-0.17,0.0,0.0,-0.077,0.0,-152,True,True
2.0279,0.59,0.76,-0.17,0.0,0.0,-0.077,0.0,-159,True,True
2.0479,0.59,0.76,-0.17,0.0,0.0,-0.077,0.0,-195,True,True
2.0679,0.59,0.76,-0.17,0.0,0.0,-0.077,0.0,-170,True,True
2.0879,0.59,0.76,-0.17,0.0,0.0,-0.077,0.0,-183,True,True
2.1079,0.59,0.76,-0.17,0.0,0.0,-0.077,0.0,-165,True,True
2.1279,0.59,0.76,-0.17,0.0,0.0,-0.077,0.0,-159,True,True
2.1479,0.59,0.76,-0.17,0.0,0.0,-0.077,0.0,-202,True,True
2.1679,0.59,0.76,-0.17,0.0,0.0,-0.077,0.0,-177,True,True
2.1879,0.59,0.76,-0.17,0.0,0.0,-0.077,0.0,-195,True,True
2.2079,0.59,0.76,-0.17,0.0,0.0,-0.077,0.0,-183,True,True
2.2279,0.59,0.76,-0.17,0.0,0.0,-0.077,0.0,-177,True,True
2.2479,0.59,0.76,-0.17,0.0,0.0,-0.077,0.0,-165,True,True
2.2679,0.59,0.76,-0.17,0.0,0.0,-0.077,0.0,-177,True,True
2.2878,0.59,0.76,-0.17,0.0,0.0,-0.077,0.0,-177,True,True
2.3079,0.59,0.76,-0.17,0.0,0.0,-0.077,0.0,-195,True,True
2.3279,0.59,0.76,-0.17,0.0,0.0,-0.077,0.0,-195,True,True
2.3479,0.59,0.76,-0.17,0.0,0.0,-0.077,0.0,-201,True,True
2.3679,0.59,0.76,-0.17,0.0,0.0,-0.077,0.0,-176,True,True
2.388,0.59,0.76,-0.17,0.0,0.0,-0.077,0.0,-183,True,True
2.408,0.59,0.76,-0.17,0.0,0.0,-0.077,0.0,-195,True,True
2.428,0.59,0.76,-0.17,0.0,0.0,-0.077,0.0,-195,True,True
2.448,0.59,0.76,-0.17,0.0,0.0,-0.077,0.0,-166,True,True
2.467,0.59,0.76,-0.17,0.0,0.0,-0.077,0.0,-177,True,True
2.4879,0.59,0.76,-0.17,0.0,0.0,-0.077,0.0,-177,True,True
2.5079,0.59,0.76,-0.17,0.0,0.0,-0.077,0.0,-159,True,True
2.5279,0.59,0.76,-0.17,0.0,0.0,-0.077,0.0,-177,True,True
2.5469,0.59,0.76,-0.17,0.0,0.0,-0.077,0.0,-201,True,True
2.5679,0.59,0.76,-0.17,0.0,0.0,-0.077,0.0,-177,True,True
2.5869,0.59,0.76,-0.17,0.0,0.0,-0.077,0.0,-195,True,True
2.6069,0.59,0.76,-0.17,0.0,0.0,-0.077,0.0,-170,True,True
2.6279,0.59,0.76,-0.17,0.0,0.0,-0.077,0.0,-190,True,True
2.6469,0.59,0.76,-0.17,0.0,0.0,-0.077,0.0,-202,True,True
2.6679,0.59,0.76,-0.17,0.0,0.0,-0.077,0.0,-195,True,True
2.6869,0.59,0.76,-0.17,0.0,0.0,-0.077,0.0,-159,True,True
2.7079,0.59,0.76,-0.17,0.0,0.0,-0.077,0.0,-177,True,True
2.7279,0.59,0.76,-0.17,0.0,0.0,-0.077,0.0,-176,True,True
2.747,0.59,0.76,-0.17,0.0,0.0,-0.077,0.0,-177,True,True
2.7679,0.59,0.76,-0.17,0.0,0.0,-0.077,0.0,-195,True,True
2.7869,0.59,0.76,-0.17,0.0,0.0,-0.077,0.0,-176,True,True
2.8069,0.59,0.76,-0.17,0.0,0.0,-0.077,0.0,-195,True,True
2.8269,0.59,0.76,-0.17,0.0,0.0,-0.077,0.0,-152,True,True
2.8469,0.59,0.76,-0.17,0.0,0.0,-0.077,0.0,-177,True,True
2.8669,0.59,0.76,-0.17,0.0,0.0,-0.077,0.0,-159,True,True
2.8869,0.59,0.76,-0.17,0.0,0.0,-0.077,0.0,-166,True,True
2.907,0.59,0.76,-0.17,0.0,0.0,-0.077,0.0,-177,True,True
2.927,0.59,0.76,-0.17,0.0,0.0,-0.077,0.0,-183,True,True
2.947,0.59,0.76,-0.17,0.0,0.0,-0.077,0.0,-195,True,True
2.967,0.59,0.76,-0.17,0.0,0.0,-0.077,0.0,-177,True,True
2.988,0.59,0.76,-0.17,0.0,0.0,-0.077,0.0,-195,True,True
3.0069,0.59,0.76,-0.17,0.0,0.0,-0.077,0.0,-177,True,True
3.027,0.59,0.76,-0.17,0.0,0.0,-0.077,0.0,-183,True,True
3.0479,0.59,0.76,-0.17,0.0,0.0,-0.077,0.0,-159,True,True
3.067,0.59,0.76,-0.17,0.0,0.0,-0.077,0.0,-177,True,True
3.088,0.59,0.76,-0.17,0.0,0.0,-0.077,0.0,-195,True,True
3.107,0.59,0.76,-0.17,0.0,0.0,-0.077,0.0,-195,True,True
3.127,0.59,0.76,-0.17,0.0,0.0,-0.077,0.0,-177,True,True
3.148,0.59,0.76,-0.17,0.0,0.0,-0.077,0.0,-177,True,True
3.167,0.59,0.76,-0.17,0.0,0.0,-0.077,0.0,-195,True,True
3.187,0.59,0.76,-0.17,0.0,0.0,-0.077,0.0,-195,True,True
3.2069,0.59,0.76,-0.17,0.0,0.0,-0.077,0.0,-195,True,True
3.227,0.59,0.76,-0.17,0.0,0.0,-0.077,0.0,-201,True,True
3.247,0.59,0.76,-0.17,0.0,0.0,-0.077,0.0,-183,True,True
3.267,0.59,0.76,-0.17,0.0,0.0,-0.077,0.0,-176,True,True
3.287,0.59,0.76,-0.17,0.0,0.0,-0.077,0.0,-201,True,True
3.307,0.59,0.76,-0.17,0.0,0.0,-0.077,0.0,-177,True,True
3.327,0.59,0.76,-0.17,0.0,0.0,-0.077,0.0,-177,True,True
3.347,0.59,0.76,-0.17,0.0,0.0,-0.077,0.0,-202,True,True
3.367,0.59,0.76,-0.17,0.0,0.0,-0.077,0.0,-170,True,True
3.387,0.59,0.76,-0.17,0.0,0.0,-0.077,0.0,-183,True,True
3.407,0.59,0.76,-0.17,0.0,0.0,-0.077,0.0,-206,True,True
3.427,0.59,0.76,-0.17,0.0,0.0,-0.077,0.0,-159,True,True
3.447,0.59,0.76,-0.17,0.0,0.0,-0.077,0.0,-177,True,True
3.467,0.59,0.76,-0.17,0.0,0.0,-0.077,0.0,-183,True,True
3.487,0.59,0.76,-0.17,0.0,0.0,-0.077,0.0,-176,True,True
3.507,0.59,0.76,-0.17,0.0,0.0,-0.077,0.0,-195,True,True
3.527,0.59,0.76,-0.17,0.0,0.0,-0.077,0.0,-170,True,True
3.547,0.59,0.76,-0.17,0.0,0.0,-0.077,0.0,-177,True,True
3.5669,0.59,0.76,-0.17,0.0,0.0,-0.077,0.0,-176,True,True
3.5869,0.59,0.76,-0.17,0.0,0.0,-0.077,0.0,-177,True,True
3.6069,0.59,0.76,-0.17,0.0,0.0,-0.077,0.0,-195,True,True
3.6269,0.59,0.76,-0.17,0.0,0.0,-0.077,0.0,-177,True,True
3.6469,0.59,0.76,-0.17,0.0,0.0,-0.077,0.0,-177,True,True
3.6669,0.59,0.76,-0.17,0.0,0.0,-0.077,0.0,-170,True,True
3.6869,0.59,0.76,-0.17,0.0,0.0,-0.077,0.0,-152,True,True
3.7069,0.59,0.76,-0.17,0.0,0.0,-0.077,0.0,-177,True,True
3.7269,0.59,0.76,-0.17,0.0,0.0,-0.077,0.0,-212,True,True
3.7469,0.59,0.76,-0.17,0.0,0.0,-0.077,0.0,-177,True,True
3.767,0.59,0.76,-0.17,0.0,0.0,-0.077,0.0,-165,True,True
3.7869,0.59,0.76,-0.17,0.0,0.0,-0.077,0.0,-195,True,True
3.8069,0.59,0.8,-0.21,0.0,0.0,-0.096,0.0,-176,True,True
3.8269,0.59,0.76,-0.17,0.0,0.0,-0.077,0.0,-177,True,True
3.8469,0.59,0.76,-0.17,0.0,0.0,-0.077,0.0,-159,True,True
3.8669,0.59,0.76,-0.17,0.0,0.0,-0.077,0.0,-176,True,True
3.8869,0.59,0.76,-0.17,0.0,0.0,-0.077,0.0,-201,True,True
3.9069,0.59,0.76,-0.17,0.0,0.0,-0.077,0.0,-177,True,True
3.9269,0.59,0.76,-0.17,0.0,0.0,-0.077,0.0,-176,True,True
3.9469,0.59,0.76,-0.17,0.0,0.0,-0.077,0.0,-212,True,True
3.9669,0.59,0.76,-0.17,0.0,0.0,-0.077,0.0,-177,True,True
3.9869,0.59,0.76,-0.17,0.0,0.0,-0.077,0.0,-183,True,True
4.007,0.59,0.76,-0.17,0.0,0.0,-0.077,0.0,-177,True,True
4.0269,0.59,0.76,-0.17,0.0,0.0,-0.077,0.0,-202,True,True
4.0469,0.59,0.76,-0.17,0.0,0.0,-0.077,0.0,-183,True,True
4.0669,0.59,0.76,-0.17,0.0,0.0,-0.077,0.0,-183,True,True
4.0869,0.59,0.76,-0.17,0.0,0.0,-0.077,0.0,-177,True,True
4.1069,0.59,0.76,-0.17,0.0,0.0,-0.077,0.0,-177,True,True
4.1269,0.59,0.76,-0.17,0.0,0.0,-0.077,0.0,-159,True,True
4.147,0.59,0.76,-0.17,0.0,0.0,-0.077,0.0,-176,True,True
4.1669,0.59,0.76,-0.17,0.0,0.0,-0.077,0.0,-177,True,True
4.1869,0.59,0.76,-0.17,0.0,0.0,-0.077,0.0,-176,True,True
4.2069,0.59,0.76,-0.17,0.0,0.0,-0.077,0.0,-183,True,True
4.2269,0.59,0.76,-0.17,0.0,0.0,-0.077,0.0,-195,True,True
4.2469,0.59,0.76,-0.17,0.0,0.0,-0.077,0.0,-195,True,True
4.2669,0.59,0.76,-0.17,0.0,0.0,-0.077,0.0,-195,True,True
4.2869,0.59,0.76,-0.17,0.0,0.0,-0.077,0.0,-183,True,True
4.307,0.59,0.76,-0.17,0.0,0.0,-0.077,0.0,-195,True,True
4.327,0.59,0.76,-0.17,0.0,0.0,-0.077,0.0,-176,True,True
4.347,0.59,0.76,-0.17,0.0,0.0,-0.077,0.0,-195,True,True
4.367,0.59,0.76,-0.17,0.0,0.0,-0.077,0.0,-195,True,True
4.387,0.59,0.76,-0.17,0.0,0.0,-0.077,0.0,-201,True,True
4.407,0.59,0.76,-0.17,0.0,0.0,-0.077,0.0,-195,True,True
4.427,0.59,0.76,-0.17,0.0,0.0,-0.077,0.0,-177,True,True
4.4469,0.59,0.76,-0.17,0.0,0.0,-0.077,0.0,-177,True,True
4.467,0.59,0.76,-0.17,0.0,0.0,-0.077,0.0,-177,True,True
4.487,0.59,0.76,-0.17,0.0,0.0,-0.077,0.0,-190,True,True
4.507,0.59,0.76,-0.17,0.0,0.0,-0.077,0.0,-177,True,True
4.527,0.59,0.76,-0.17,0.0,0.0,-0.077,0.0,-195,True,True
4.547,0.59,0.76,-0.17,0.0,0.0,-0.077,0.0,-177,True,True
4.567,0.59,0.76,-0.17,0.0,0.0,-0.077,0.0,-195,True,True
4.587,0.59,0.76,-0.17,0.0,0.0,-0.077,0.0,-202,True,True
4.607,0.59,0.76,-0.17,0.0,0.0,-0.077,0.0,-183,True,True
4.627,0.59,0.76,-0.17,0.0,0.0,-0.077,0.0,-176,True,True
4.647,0.59,0.76,-0.17,0.0,0.0,-0.077,0.0,-195,True,True
4.667,0.59,0.76,-0.17,0.0,0.0,-0.077,0.0,-195,True,True
4.687,0.59,0.76,-0.17,0.0,0.0,-0.077,0.0,-177,True,True
4.707,0.59,0.76,-0.17,0.0,0.0,0.189,0.0,-177,True,True
4.7269,0.59,0.8,-0.21,0.0,0.0,-0.086,0.0,-104,True,True
4.7469,0.59,0.8,-0.21,0.0,0.0,-0.096,0.0,-195,True,True
4.7669,0.59,0.8,-0.21,0.0,0.0,-0.096,0.0,-177,True,True
4.7869,0.59,0.8,-0.21,0.0,0.0,-0.096,0.0,-195,True,True
4.8069,0.59,0.8,-0.21,0.0,0.0,-0.096,0.0,-177,True,True
4.8269,0.59,0.8,-0.21,0.0,0.0,-0.096,0.0,-201,True,True
4.8469,0.59,0.8,-0.21,0.0,0.0,-0.096,0.0,-177,True,True
4.8669,0.59,0.8,-0.21,0.0,0.0,-0.096,0.0,-195,True,True
4.8869,0.59,0.8,-0.21,0.0,0.0,-0.096,0.0,-195,True,True
4.9069,0.59,0.8,-0.21,0.0,0.0,-0.096,0.0,-195,True,True
4.9269,0.59,0.8,-0.21,0.0,0.0,-0.096,0.0,-220,True,True
4.9469,0.59,0.8,-0.21,0.0,0.0,-0.096,0.0,-176,True,True
4.9669,0.59,0.8,-0.21,0.0,0.0,-0.096,0.0,-202,True,True
4.9869,0.59,0.8,-0.21,0.0,0.0,-0.096,0.0,-177,True,True
